company,store_name,address,latitude,longitude
サンドラッグ,サンドラッグ 八戸青葉店,青森県八戸市北白山台５丁目１−７サンドラッグ八戸店内,40.486988,141.465363
サンドラッグ,サンドラッグ 十和田東店,青森県十和田市東一番町４−１３,40.62331,141.213531
サンドラッグ,サンドラッグ 十和田西店,青森県十和田市西二十三番町２９−２０,40.603466,141.200272
サンドラッグ,サンドラッグ 弘前樹木店,青森県弘前市樹木５丁目９−１ハルル樹木内,40.588379,140.459824
サンドラッグ,サンドラッグ 青森浜田店,青森県青森市大字浜田玉川１９６−１０,40.799046,140.759537
スーパードラッグアサヒ,スーパードラッグアサヒ おいらせ町	下田店	〒039-2114,青森県上北郡おいらせ町高田69-1,40.601444,141.422485
スーパードラッグアサヒ,スーパードラッグアサヒ さくら野弘前店	〒036-8092,青森県弘前市大字城東北3-10-1さくら野弘前店1F,40.607147,140.496246
スーパードラッグアサヒ,スーパードラッグアサヒ むつ市	むつ店	〒035-0073,青森県むつ市中央1-149,41.292587,141.186218
スーパードラッグアサヒ,スーパードラッグアサヒ 三沢市	ビードルプラザ店	〒033-0037,青森県三沢市松園町3-10-1,40.676052,141.363541
スーパードラッグアサヒ,スーパードラッグアサヒ 三沢市	三沢店	〒033-0022,青森県三沢市大字三沢字堀口94-242,40.682018,141.379715
スーパードラッグアサヒ,スーパードラッグアサヒ 五所川原市	柏店	〒037-0076,青森県五所川原市大字小曲字枝村42-1,40.80756,140.42421
スーパードラッグアサヒ,スーパードラッグアサヒ 八戸市	類家店	〒031-0001,青森県八戸市類家4-22-13,40.504387,141.507004
スーパードラッグアサヒ,スーパードラッグアサヒ 八戸店	〒039-1164,青森県八戸市下長2-1-12,40.531277,141.474106
スーパードラッグアサヒ,スーパードラッグアサヒ 十和田市	十和田店	〒034-0041,青森県十和田市大字相坂字白上248-14,40.597298,141.22319
スーパードラッグアサヒ,スーパードラッグアサヒ 弘前市	南大町店	〒036-8171,青森県弘前市大字取上1-1-1,40.590691,140.487488
スーパードラッグアサヒ,スーパードラッグアサヒ 東北町	上北店	〒039-2404,青森県上北郡東北町上北北3丁目24-85,40.728584,141.253662
スーパードラッグアサヒ,スーパードラッグアサヒ 板柳町	板柳店	〒038-3672,青森県北津軽郡板柳町大字灰沼字岩井42,40.700245,140.457703
スーパードラッグアサヒ,スーパードラッグアサヒ 湊高台店	〒031-0823,青森県八戸市湊高台1-3-2,40.508301,141.531738
スーパードラッグアサヒ,スーパードラッグアサヒ 藤崎町	藤崎店	〒038-3803,青森県南津軽郡藤崎町大字西豊田3-1-25,40.653049,140.505646
スーパードラッグアサヒ,スーパードラッグアサヒ 野辺地町	野辺地店	〒039-3171,青森県上北郡野辺地町字二本木46-1,40.866802,141.112457
スーパードラッグアサヒ,スーパードラッグアサヒ 青森中央店	〒030-0847,青森県青森市東大野2-11-3,40.799435,140.746429
スーパードラッグアサヒ,スーパードラッグアサヒ 青森佃店	〒030-0962,青森県青森市佃3-5-33,40.820782,140.781952
スーパードラッグアサヒ,スーパードラッグアサヒ 青森市	青森店	〒030-0947,青森県青森市浜館2-4-8,40.806564,140.785141
スーパードラッグアサヒ,スーパードラッグアサヒ 青森西バイパス店	〒038-0006,青森県青森市三好2-2-22,40.831306,140.704559
スーパードラッグアサヒ,スーパードラッグアサヒ 鯵ヶ沢町	鯵ヶ沢店	〒038-2761,青森県西津軽郡鰺ヶ沢町大字舞戸町字西禿18-1,40.775501,140.22641
スーパードラッグアサヒ,スーパードラッグアサヒ 黒石富士見店	〒036-0515,青森県黒石市富士見103-3,40.666679,140.600586
スーパードラッグアサヒ,スーパードラッグアサヒ 黒石市	黒石バイパス店	〒036-0357,青森県黒石市追子野木１-571-1,40.637512,140.59198
ツルハドラッグ,ツルハドラッグ つがる柏店,青森県つがる市柏広須志野田166-1,40.8019544,140.4004748
ツルハドラッグ,ツルハドラッグ みなと店,青森県八戸市湊町字新井田道12-1,40.51419184135771,141.53553132134672
ツルハドラッグ,ツルハドラッグ むつ大平店,青森県むつ市大平町21番6号,41.28257794710055,141.16845277547466
ツルハドラッグ,ツルハドラッグ むつ店,青森県むつ市小川町1丁目9番31号,41.29365466500383,141.2068195575452
ツルハドラッグ,ツルハドラッグ むつ旭町店,青森県むつ市旭町3番12号,41.28654707,141.178976
ツルハドラッグ,ツルハドラッグ むつ柳町店,青森県むつ市大字田名部字前田３８-１,41.30376651096708,141.2201889569981
ツルハドラッグ,ツルハドラッグ アクロス五所川原店,青森県五所川原市大字唐笠柳字藤巻626番地,40.8020814714284,140.46127721846634
ツルハドラッグ,ツルハドラッグ 七戸店,青森県上北郡七戸町字笊田川久保32-2,40.6969642,141.1624569
ツルハドラッグ,ツルハドラッグ 三戸店,青森県三戸郡三戸町川守田字下比良35外,40.39763769555472,141.26336447175828
ツルハドラッグ,ツルハドラッグ 三沢南山店,青森県三沢市大字三沢字南山73番3号,40.68843427143086,141.38881694631252
ツルハドラッグ,ツルハドラッグ 三沢南町店,青森県三沢市南町2丁目31-161,40.67432848238827,141.37258722736183
ツルハドラッグ,ツルハドラッグ 五所川原広田店,青森県五所川原市大字広田字柳沼41-2,40.78393259862032,140.4622430824731
ツルハドラッグ,ツルハドラッグ 五所川原店,青森県五所川原市唐笠柳517-7,40.8020452297734,140.46126122155945
ツルハドラッグ,ツルハドラッグ 五所川原本町店,青森県五所川原市字本町25-2,40.808863,140.442471
ツルハドラッグ,ツルハドラッグ 五所川原松島店,青森県五所川原市大字漆川字袖掛158番18,40.80955200808168,140.45966523436178
ツルハドラッグ,ツルハドラッグ 八戸八太郎店,青森県八戸市八太郎2丁目22番１,40.537877,141.487481
ツルハドラッグ,ツルハドラッグ 八戸大杉平店,青森県八戸市根城2丁目2番6,40.500828,141.481534
ツルハドラッグ,ツルハドラッグ 八戸小中野店,青森県八戸市小中野4丁目5番18号,40.5190816247942,141.51280818556333
ツルハドラッグ,ツルハドラッグ 八戸市民病院前店,青森県八戸市田向3丁目2番19号,40.494973681776266,141.51440525821906
ツルハドラッグ,ツルハドラッグ 八戸諏訪店,青森県八戸市諏訪3丁目3番20号,40.508000857674176,141.51232704017931
ツルハドラッグ,ツルハドラッグ 八戸鮫店,青森県八戸市21-1,40.52728844307057,141.55497592576026
ツルハドラッグ,ツルハドラッグ 十八日町店,青森県八戸市十八日町27,40.51176813,141.4952374
ツルハドラッグ,ツルハドラッグ 十和田中央店,青森県十和田市稲生町13番39号,40.61590042161712,141.211471500988
ツルハドラッグ,ツルハドラッグ 十和田南店,青森県十和田市東四番町４番３０号,40.60762644898588,141.2212141545129
ツルハドラッグ,ツルハドラッグ 城東店,青森県弘前市大字田園2丁目3-1,40.60258363184197,140.5064082365123
ツルハドラッグ,ツルハドラッグ 大野店,青森県青森市金沢3丁目12番21号,40.80869790478009,140.73467621877217
ツルハドラッグ,ツルハドラッグ 安原店,青森県弘前市泉野1丁目4番地5,40.57585023674751,140.49319152147845
ツルハドラッグ,ツルハドラッグ 平内店,青森県東津軽郡平内町小湊家ノ下15-4,40.925130171283584,140.9596801461838
ツルハドラッグ,ツルハドラッグ 平賀店,青森県平川市小和森上松岡216番,40.58868782,140.5685905
ツルハドラッグ,ツルハドラッグ 弘前堅田店,青森県弘前市大字堅田2丁目2番22,40.61543861319086,140.4899134776937
ツルハドラッグ,ツルハドラッグ 弘前境関店,青森県弘前市大字境関一丁目2-2,40.6118168,140.5045591
ツルハドラッグ,ツルハドラッグ 弘前外崎店,青森県弘前市大字外崎３丁目５-１,40.596418892086845,140.49864640340763
ツルハドラッグ,ツルハドラッグ 弘前岩木店,青森県弘前市大字一町田字村元714,40.6142839033875,140.424319045126
ツルハドラッグ,ツルハドラッグ 弘前樹木店,青森県弘前市大字樹木4丁目3番地1,40.5894496,140.4559565
ツルハドラッグ,ツルハドラッグ 弘前浜の町店,青森県弘前市大字浜の町西2丁目2-7,40.61986970890262,140.4587859153852
ツルハドラッグ,ツルハドラッグ 弘前石渡店,青森県弘前市大字石渡4丁目13番地4,40.629467,140.458713
ツルハドラッグ,ツルハドラッグ 弘前神田店,青森県弘前市大字神田5丁目6-2,40.62608096759652,140.49202089495736
ツルハドラッグ,ツルハドラッグ 弘前西城北店,青森県弘前市大字西城北1丁目2番４,40.615524,140.471459
ツルハドラッグ,ツルハドラッグ 弘前駅前店,青森県弘前市大字駅前2丁目6番地2,40.6009741123861,140.47943513435862
ツルハドラッグ,ツルハドラッグ 本八戸駅前店,青森県八戸市城下2丁目1-12,40.517225,141.487377
ツルハドラッグ,ツルハドラッグ 板柳店,青森県北津軽郡板柳町大字灰沼字東267-1,40.70611298036508,140.45539504637617
ツルハドラッグ,ツルハドラッグ 板柳福野田店,青森県北津軽郡板柳町大字福野田字実田4番地15,40.69562678453772,140.46167123502855
ツルハドラッグ,ツルハドラッグ 河原木店,青森県八戸市下長四丁目1-9,40.53429771950413,141.47739899172663
ツルハドラッグ,ツルハドラッグ 浪岡店,青森県青森市浪岡大字杉沢字井ノ下144-1,40.72048064665738,140.5894194983303
ツルハドラッグ,ツルハドラッグ 湊高台店,青森県八戸市湊高台三丁目7-1,40.50762739166064,141.543710855208
ツルハドラッグ,ツルハドラッグ 福地南部店,青森県三戸郡南部町大字苫米地字白山堂1-2,40.46768239362834,141.38802220144083
ツルハドラッグ,ツルハドラッグ 野辺地店,青森県上北郡野辺地町字野辺地41-1,40.86358188399405,141.12659880634058
ツルハドラッグ,ツルハドラッグ 青森三内店,青森県青森市大字三内字玉作1-51,40.82185646999999,140.71121088220897
ツルハドラッグ,ツルハドラッグ 青森南佃店,青森県青森市南佃一丁目４４番１号,40.81257143599318,140.78234985798088
ツルハドラッグ,ツルハドラッグ 青森原別店,青森県青森市原別一丁目１番３３号,40.8366382,140.7979665
ツルハドラッグ,ツルハドラッグ 青森富田店,青森県青森市富田3丁目9-1,40.83257182202839,140.71175283494867
ツルハドラッグ,ツルハドラッグ 青森新城店,青森県青森市大字新城字平岡175-38,40.82837353057511,140.67601169062652
ツルハドラッグ,ツルハドラッグ 青森新田店,青森県青森市新田2丁目2番16号,40.84061273515477,140.71573303288437
ツルハドラッグ,ツルハドラッグ 青森本町店,青森県青森市本町4丁目9番5号,40.82880190616066,140.75371678089294
ツルハドラッグ,ツルハドラッグ 青森桜川店,青森県青森市桜川七丁目5番10号,40.80889621043765,140.77069816140144
ツルハドラッグ,ツルハドラッグ 青森浜田店,青森県青森市大字浜田字玉川251番地2,40.79711217904705,140.7622215459227
ツルハドラッグ,ツルハドラッグ 青森港町店,青森県青森市港町三丁目6番24号,40.8303899,140.7692391
ツルハドラッグ,ツルハドラッグ 鯵ヶ沢店,青森県西津軽郡鰺ヶ沢町大字舞戸町字久富17-8,40.77583203,140.2257741
ハッピードラッグ,ハッピー・ドラッグ つがる木造店,青森県つがる市木造浮巣51-1,40.810645,140.395574
ハッピードラッグ,ハッピー・ドラッグ つがる森田店,青森県つがる市森田町山田渕浪90,40.780508,140.36678
ハッピードラッグ,ハッピー・ドラッグ むつとまぶモール店,青森県むつ市金曲1-2-4,41.283433,141.214524
ハッピードラッグ,ハッピー・ドラッグ むつ中央店,青森県むつ市旭町2-30,41.283129,141.183424
ハッピードラッグ,ハッピー・ドラッグ むつ大畑店,青森県むつ市大畑町中島39-26,41.403783,141.170383
ハッピードラッグ,ハッピー・ドラッグ むつ金谷店,青森県むつ市金谷2-22-1,41.295066,141.19667
ハッピードラッグ,ハッピー・ドラッグ 三沢堀口店,青森県三沢市堀口3-1-5,40.683934,141.386587
ハッピードラッグ,ハッピー・ドラッグ 三沢岡三沢店,青森県三沢市下久保1-1-3,40.684369,141.382455
ハッピードラッグ,ハッピー・ドラッグ 三沢松園町店,青森県三沢市松園町3-1-1,40.674847,141.368903
ハッピードラッグ,ハッピー・ドラッグ 五所川原広田店,青森県五所川原市姥萢船橋242-6,40.784289,140.460814
ハッピードラッグ,ハッピー・ドラッグ 五所川原松島店,青森県五所川原市一ツ谷548-1,40.805709,140.456903
ハッピードラッグ,ハッピー・ドラッグ 五所川原金木店,青森県五所川原市金木町沢部454-8,40.903056,140.446779
ハッピードラッグ,ハッピー・ドラッグ 八戸一番町店,青森県八戸市尻内町八百刈39-2,40.505064,141.441873
ハッピードラッグ,ハッピー・ドラッグ 八戸下長店,青森県八戸市下長3-13-8,40.535099,141.477051
ハッピードラッグ,ハッピー・ドラッグ 八戸吹上店,青森県八戸市吹上2-16-22,40.496428,141.503346
ハッピードラッグ,ハッピー・ドラッグ 八戸売市店,青森県八戸市根城9-5-3,40.505568,141.472543
ハッピードラッグ,ハッピー・ドラッグ 八戸旭ヶ丘店,青森県八戸市新井田字小久保尻16-127,40.495856,141.544894
ハッピードラッグ,ハッピー・ドラッグ 八戸根城店,青森県八戸市根城2-26-27,40.499443,141.480025
ハッピードラッグ,ハッピー・ドラッグ 八戸桔梗野店,青森県八戸市松ケ丘5-1,40.550865,141.452854
ハッピードラッグ,ハッピー・ドラッグ 八戸湊中道店,青森県八戸市湊町中道55,40.518589,141.536147
ハッピードラッグ,ハッピー・ドラッグ 八戸湊高台中央店,青森県八戸市湊高台4-18-13,40.505286,141.545293
ハッピードラッグ,ハッピー・ドラッグ 八戸湊高台店,青森県八戸市湊高台5-1-18,40.506509,141.536784
ハッピードラッグ,ハッピー・ドラッグ 八戸田向店,青森県八戸市田向2-12-8,40.491787,141.515007
ハッピードラッグ,ハッピー・ドラッグ 八戸類家中央店,青森県八戸市類家4-41-5,40.502468,141.511957
ハッピードラッグ,ハッピー・ドラッグ 八戸類家店,青森県八戸市南類家3-2-12,40.498848,141.513074
ハッピードラッグ,ハッピー・ドラッグ 十和田元町東店,青森県十和田市元町東3-3-35,40.621949,141.218807
ハッピードラッグ,ハッピー・ドラッグ 十和田元町西店,青森県十和田市元町西4-3-30,40.618589,141.204319
ハッピードラッグ,ハッピー・ドラッグ 十和田穂並町店,青森県十和田市穂並町7-3,40.603315,141.223328
ハッピードラッグ,ハッピー・ドラッグ 十和田西金崎店,青森県十和田市西23-60-19,40.601616,141.198278
ハッピードラッグ,ハッピー・ドラッグ 平川尾上店,青森県平川市尾上栄松48-1,40.613764,140.583891
ハッピードラッグ,ハッピー・ドラッグ 平川平賀店,青森県平川市本町平野12-9,40.582093,140.571788
ハッピードラッグ,ハッピー・ドラッグ 弘前和徳店,青森県弘前市和徳町165,40.604943,140.48602
ハッピードラッグ,ハッピー・ドラッグ 弘前土手町店,青森県弘前市土手町89-1,40.596992,140.477446
ハッピードラッグ,ハッピー・ドラッグ 弘前城東中央店,青森県弘前市城東中央3-3-1,40.597082,140.497479
ハッピードラッグ,ハッピー・ドラッグ 弘前城東店,青森県弘前市田園3-5-12,40.599837,140.512123
ハッピードラッグ,ハッピー・ドラッグ 弘前堅田店,青森県弘前市青山1-11-2,40.615255,140.487325
ハッピードラッグ,ハッピー・ドラッグ 弘前大原店,青森県弘前市大原2-5-26,40.573979,140.452479
ハッピードラッグ,ハッピー・ドラッグ 弘前岩木店,青森県弘前市一町田村元712-1,40.612079,140.428223
ハッピードラッグ,ハッピー・ドラッグ 弘前桔梗野店,青森県弘前市桔梗野1-2-2,40.589691,140.468779
ハッピードラッグ,ハッピー・ドラッグ 弘前樋の口店,青森県弘前市樋の口2-9-6イオンタウン弘前樋の口内,40.599868,140.44703
ハッピードラッグ,ハッピー・ドラッグ 弘前浜の町店,青森県弘前市浜の町西1-5-21,40.615243,140.462646
ハッピードラッグ,ハッピー・ドラッグ 青森おいらせ店,青森県上北郡おいらせ町牛込平80-1,40.599789,141.441271
ハッピードラッグ,ハッピー・ドラッグ 青森おいらせ青葉店,青森県上北郡おいらせ町青葉5-50-1486,40.651178,141.378161
ハッピードラッグ,ハッピー・ドラッグ 青森のぎわ店,青森県青森市羽白字沢田306-1,40.853836,140.683825
ハッピードラッグ,ハッピー・ドラッグ 青森やえだ店,青森県青森市東造道3-15-1,40.824278,140.801889
ハッピードラッグ,ハッピー・ドラッグ 青森三内店,青森県青森市三内玉作2-72,40.818378,140.714279
ハッピードラッグ,ハッピー・ドラッグ 青森三戸店,青森県三戸郡三戸町同心町字古間木平1-1,40.374186,141.255155
ハッピードラッグ,ハッピー・ドラッグ 青森上北町店,青森県上北郡東北町旭北1-3-16,40.733073,141.268691
ハッピードラッグ,ハッピー・ドラッグ 青森中央店,青森県青森市東大野2-8-4,40.796086,140.748254
ハッピードラッグ,ハッピー・ドラッグ 青森中里店,青森県北津軽郡中泊町中里字紅葉坂159-1,40.959513,140.437351
ハッピードラッグ,ハッピー・ドラッグ 青森久須志店,青森県青森市久須志3-18-7,40.81481,140.730349
ハッピードラッグ,ハッピー・ドラッグ 青森五戸店,青森県三戸郡五戸町中道8-1,40.519683,141.312707
ハッピードラッグ,ハッピー・ドラッグ 青森佃店,青森県青森市中佃3-7-13,40.814907,140.789682
ハッピードラッグ,ハッピー・ドラッグ 青森八重田SC店,青森県青森市造道3-25-1,40.828967,140.793161
ハッピードラッグ,ハッピー・ドラッグ 青森六戸店,青森県上北郡六戸町犬落瀬後田52-5,40.603486,141.329874
ハッピードラッグ,ハッピー・ドラッグ 青森勝田店,青森県青森市勝田1-20-1,40.816122,140.757998
ハッピードラッグ,ハッピー・ドラッグ 青森南佃店,青森県青森市南佃2-7-10,40.812788,140.787182
ハッピードラッグ,ハッピー・ドラッグ 青森大間店,青森県下北郡大間町大間字奥戸上道17-1,41.521306,140.909112
ハッピードラッグ,ハッピー・ドラッグ 青森大鰐店,青森県南津軽郡大鰐町大鰐字前田5-1,40.520586,140.570876
ハッピードラッグ,ハッピー・ドラッグ 青森奥野店,青森県青森市奥野2-26-10,40.809791,140.766625
ハッピードラッグ,ハッピー・ドラッグ 青森幸畑店,青森県青森市幸畑5-1-3,40.778286,140.784694
ハッピードラッグ,ハッピー・ドラッグ 青森戸山店,青森県青森市蛍沢4-2-8,40.795259,140.806862
ハッピードラッグ,ハッピー・ドラッグ 青森新城店,青森県青森市新城平岡258-258,40.822786,140.688678
ハッピードラッグ,ハッピー・ドラッグ 青森旭町通店,青森県青森市金沢3-27-22,40.80763,140.73959
ハッピードラッグ,ハッピー・ドラッグ 青森松原店,青森県青森市松原3-13-21,40.815185,140.767812
ハッピードラッグ,ハッピー・ドラッグ 青森沖館店,青森県青森市柳川2-4-22,40.828351,140.731489
ハッピードラッグ,ハッピー・ドラッグ 青森油川店,青森県青森市油川浪返102-1,40.846487,140.705956
ハッピードラッグ,ハッピー・ドラッグ 青森浜館店,青森県青森市浜館6-4-21,40.803592,140.789956
ハッピードラッグ,ハッピー・ドラッグ 青森浪岡店,青森県青森市浪岡大字浪岡字若松124-1,40.705452,140.592859
ハッピードラッグ,ハッピー・ドラッグ 青森浪打店,青森県青森市佃1-20-30,40.819786,140.780063
ハッピードラッグ,ハッピー・ドラッグ 青森浪館店,青森県青森市浪館前田4-6-1,40.810129,140.724581
ハッピードラッグ,ハッピー・ドラッグ 青森深浦店,青森県西津軽郡深浦町深浦苗代沢27-1,40.651665,139.942309
ハッピードラッグ,ハッピー・ドラッグ 青森藤崎店,青森県南津軽郡藤崎町葛野新岡元109,40.656702,140.502598
ハッピードラッグ,ハッピー・ドラッグ 青森蟹田店,青森県東津軽郡外ヶ浜町蟹田中師火箱沢29-3,41.045786,140.634884
ハッピードラッグ,ハッピー・ドラッグ 青森西大野店,青森県青森市西大野3-13-8,40.798188,140.731644
ハッピードラッグ,ハッピー・ドラッグ 青森観光通店,青森県青森市緑3-11-8,40.803019,140.757499
ハッピードラッグ,ハッピー・ドラッグ 青森野辺地店,青森県上北郡野辺地町二本木25-5,40.864206,141.116413
ハッピードラッグ,ハッピー・ドラッグ 青森階上店,青森県三戸郡階上町道仏字耳ヶ吠33-44,40.449751,141.621649
ハッピードラッグ,ハッピー・ドラッグ 青森鰺ヶ沢店,青森県西津軽郡鰺ヶ沢町舞戸町字下富田58-1,40.771172,140.226105
ハッピードラッグ,ハッピー・ドラッグ 青森鶴田店,青森県北津軽郡鶴田町鶴田沖津47-1,40.747891,140.430809
ハッピードラッグ,ハッピー・ドラッグ 黒石北美店,青森県黒石市北美町1-42-2,40.650746,140.606304
マツモトキヨシ,ドラッグストア マツモトキヨシ シンフォニープラザ八戸沼館店,青森県八戸市沼館４丁目４−８,40.529518,141.49292
マツモトキヨシ,ドラッグストア マツモトキヨシ 八戸石堂店,青森県八戸市石堂４丁目１５−１２,40.534271,141.480194
マツモトキヨシ,ドラッグストア マツモトキヨシ 弘前堅田店,青森県弘前市宮川１丁目2−１３,40.611458,140.482773
マツモトキヨシ,薬 マツモトキヨシ ラピア八戸店,青森県八戸市江陽２丁目１４−１ショッピングセンターラピア3F,40.520836,141.503159
マツモトキヨシ,薬 マツモトキヨシ 弘前駅ビルアプリーズ店,青森県弘前市表町2−１１,40.598759,140.485107
マツモトキヨシ,薬 マツモトキヨシ 青森＆ラビナ店,青森県青森市柳川１丁目１−５,40.828552,140.734726
マツモトキヨシ,薬マツモトキヨシ 青森ELM店,青森県五所川原市唐笠柳藤巻５１７−１ELM1F,40.800228,140.452988
薬王堂,薬王堂 おいらせモール店,青森県上北郡おいらせ町緑ヶ丘一丁目50-2,40.665264,141.365921
薬王堂,薬王堂 おいらせ上久保店,青森県上北郡おいらせ町上久保63番地34,40.64753,141.377304
薬王堂,薬王堂 おいらせ百石店,青森県上北郡おいらせ町獺野50-1,40.600449,141.425827
薬王堂,薬王堂 つがる木造店,青森県つがる市木造浮巣56番地1,40.815411,140.388626
薬王堂,薬王堂 つがる柏店,青森県つがる市柏下古川花崎142,40.79845,140.428329
薬王堂,薬王堂 つがる稲垣店,青森県つがる市稲垣町沼崎船橋1番地80,40.87891,140.390457
薬王堂,薬王堂 むつ下北町店,青森県むつ市下北町2番34号,41.283916,141.189682
薬王堂,薬王堂 むつ中央店,青森県むつ市中央2丁目19番11号,41.292187,141.17984
薬王堂,薬王堂 むつ大平店,青森県むつ市大平町６番地１,41.284428,141.171432
薬王堂,薬王堂 むつ大畑店,青森県むつ市大畑町松ノ木160番地1,41.393997,141.149796
薬王堂,薬王堂 むつ柳町店,青森県むつ市柳町四丁目11番51号,41.304802,141.216965
薬王堂,薬王堂 むつ横迎町店,青森県むつ市横迎町一丁目11番45号,41.289909,141.218491
薬王堂,薬王堂 三戸川守田店,青森県三戸郡三戸町三戸町大字川守田字沖中61番地1,40.378445,141.258743
薬王堂,薬王堂 三沢南山店,青森県三沢市南山三丁目172番地10号,40.678589,141.399506
薬王堂,薬王堂 上北北店,青森県上北郡東北町上北北二丁目33番地197,40.730637,141.253372
薬王堂,薬王堂 五戸下中崎店,青森県三戸郡五戸町字下中崎9番地2,40.525494,141.310913
薬王堂,薬王堂 五所川原新宮店,青森県五所川原市幾世森175-1,40.820438,140.445877
薬王堂,薬王堂 五所川原石岡店,青森県五所川原市大字唐笠柳字藤巻592番地2号,40.800228,140.452988
薬王堂,薬王堂 五所川原稲実店,青森県五所川原市大字稲実字米崎22番3,40.790485,140.463638
薬王堂,薬王堂 五所川原金木店,青森県五所川原市金木町玉水178番地8,40.920578,140.55191
薬王堂,薬王堂 八戸ニュータウン店,青森県八戸市西白山台四丁目6番1号,40.478619,141.455475
薬王堂,薬王堂 八戸南郷店,青森県八戸市南郷市野沢字黒坂11番地17,40.401711,141.445816
薬王堂,薬王堂 八戸城下店,青森県八戸市沼館一丁目1番18号,40.523144,141.49054
薬王堂,薬王堂 八戸尻内店,青森県八戸市大字尻内町字直田11-3,40.517273,141.425751
薬王堂,薬王堂 八戸新井田店,青森県八戸市新井田西一丁目1番3号,40.502281,141.514954
薬王堂,薬王堂 八戸河原木店,青森県八戸市大字河原木字二階堀5番1,40.544437,141.458054
薬王堂,薬王堂 八戸田向店,青森県八戸市田向二丁目1番23号,40.495106,141.509018
薬王堂,薬王堂 八戸白銀店,青森県八戸市白銀町八森19番地2,40.519367,141.532486
薬王堂,薬王堂 八戸長根店,青森県八戸市長根三丁目11番1号,40.513653,141.481674
薬王堂,薬王堂 十和田三本木店,青森県十和田市大字三本木字本金崎229-2,40.61158,141.184418
薬王堂,薬王堂 十和田元町店,青森県十和田市元町西5丁目1番7,40.621765,141.200592
薬王堂,薬王堂 十和田東店,青森県十和田市東十三番町18-3,40.62101,141.225983
薬王堂,薬王堂 十和田稲吉店,青森県十和田市東十四番町43番8-2号,40.61319,141.229233
薬王堂,薬王堂 岡三沢店,青森県三沢市東岡三沢一丁目80番地3号,40.691471,141.380814
薬王堂,薬王堂 平川大光寺店,青森県平川市大光寺三村井70番地3,40.590481,140.557953
薬王堂,薬王堂 平川柏木店,青森県平川市柏木町藤山13番地10,40.582558,140.564438
薬王堂,薬王堂 弘前安原店,青森県弘前市大字泉野5丁目5-1,40.572285,140.493835
薬王堂,薬王堂 弘前富田町店,青森県弘前市大字富田町162番地,40.586243,140.476028
薬王堂,薬王堂 弘前早稲田店,青森県弘前市早稲田一丁目4-5,40.604378,140.51207
薬王堂,薬王堂 弘前桔梗野店,青森県弘前市大字桔梗野二丁目11番1,40.59309,140.463516
薬王堂,薬王堂 弘前相馬店,青森県弘前市湯口字一ノ細川51番地1,40.581623,140.410675
薬王堂,薬王堂 弘前石渡店,青森県弘前市石渡2丁目5番地4,40.62899,140.455917
薬王堂,薬王堂 弘前若葉店,青森県弘前市大字清水一丁目2-2,40.586399,140.455521
薬王堂,薬王堂 階上蒼前店,青森県三戸郡階上町蒼前西七丁目9番3209,40.478752,141.573395
薬王堂,薬王堂 青森七戸店,青森県上北郡七戸町字笊田川久保18,40.698574,141.164688
薬王堂,薬王堂 青森三戸店,青森県三戸郡三戸町大字同心町字金堀2番地6,40.370941,141.244858
薬王堂,薬王堂 青森上北店,青森県上北郡東北町旭南二丁目324番地1,40.731979,141.273026
薬王堂,薬王堂 青森中泊店,青森県北津軽郡中泊町大字中里字紅葉坂168番5,41.022434,140.489685
薬王堂,薬王堂 青森乙供店,青森県上北郡東北町字上笹橋37番地8,40.781414,141.216248
薬王堂,薬王堂 青森五戸店,青森県三戸郡五戸町字下モ沢向13-3,40.523994,141.304047
薬王堂,薬王堂 青森六ヶ所店,青森県上北郡六ヶ所村大字尾駮字家ノ前１番地95,40.95129,141.345825
薬王堂,薬王堂 青森六戸店,青森県上北郡六戸町大字犬落瀬字前谷地23番地,40.610001,141.320038
薬王堂,薬王堂 青森南部町店,青森県三戸郡南部町大字沖田面字沖中85-1,40.420063,141.282471
薬王堂,薬王堂 青森南部福地店,青森県三戸郡南部町大字苫米地字白山堂23番地3,40.476719,141.374115
薬王堂,薬王堂 青森名川店,青森県三戸郡南部町大字斗賀字沼田68番,40.467491,141.341461
薬王堂,薬王堂 青森大間店,青森県下北郡大間町大字大間字上野5-4,41.52702,140.920334
薬王堂,薬王堂 青森大鰐店,青森県南津軽郡大鰐町大字蔵館字湯ノ沢2番地1,40.525684,140.579086
薬王堂,薬王堂 青森天間林店,青森県上北郡七戸町字森ノ上130番44,40.745522,141.164612
薬王堂,薬王堂 青森常盤店,青森県南津軽郡藤崎町榊字亀田10番地24,40.669079,140.529343
薬王堂,薬王堂 青森平内店,青森県東津軽郡平内町小湊新道27-1,40.927029,140.964249
薬王堂,薬王堂 青森新城店,青森県青森市大字新城字平岡259番地64,40.82962,140.685883
薬王堂,薬王堂 青森板柳SC店,青森県北津軽郡板柳町大字福野田字常盤5-1,40.703167,140.452606
薬王堂,薬王堂 青森浪岡店,青森県青森市浪岡大字浪岡字若松113番地1,40.709408,140.589828
薬王堂,薬王堂 青森野辺地店,青森県上北郡野辺地町字上前田7-1,40.85535,141.130829
薬王堂,薬王堂 青森階上店,青森県三戸郡階上町道仏字耳ヶ吠6-269,40.462357,141.603928
薬王堂,薬王堂 青森鶴田店,青森県北津軽郡鶴田町大字鶴田字早瀬119番地2,40.754078,140.427032
薬王堂,薬王堂 黒石あけぼの店,青森県黒石市あけぼの町60番2,40.656586,140.608307
薬王堂,薬王堂 黒石富士見店,青森県黒石市富士見118,40.665565,140.599045
薬王堂,薬王堂 黒石西ケ丘店,青森県黒石市西ケ丘301番地1,40.648609,140.586441
